,search,links,Brief Description,Title
0,Popular waterfalls in all of New York State,https://s39023.pcdn.co/wp-content/uploads/2030/01/Middle-falls-at-letchworth.jpg.optimal.jpg,Guide To New York State's Most Stunning Waterfalls,Guide To New York State's Most Stunning Waterfalls
1,Popular waterfalls in all of New York State,https://thenatureseeker.com/wp-content/uploads/2020/05/best-waterfalls-in-all-of-new-york-state.jpg,16 Best Waterfalls in New York (Secret Locations Revealed),16 Best Waterfalls in New York (Secret Locations Revealed)
2,Popular waterfalls in all of New York State,https://images.world-of-waterfalls.com/pin-Chittenango_Falls_034_06152007-top-10-new-york-waterfalls.jpg,Top 10 Best Waterfalls in New York & How To Visit Them - World of ...,Top 10 Best Waterfalls in New York & How To Visit Them - World of ...
3,Popular waterfalls in all of New York State,https://thenewyorktraveler.com/wp-content/uploads/2022/11/watkins-glen-state-park-1067x800.jpg,35 Gorgeous Waterfalls in New York State + Local Gems - The New ...,35 Gorgeous Waterfalls in New York State + Local Gems - The New ...
4,Popular waterfalls in all of New York State,https://images.world-of-waterfalls.com/Chittenango_Falls_034_06152007.jpg,Top 10 Best Waterfalls in New York & How To Visit Them - World of ...,Top 10 Best Waterfalls in New York & How To Visit Them - World of ...
5,Popular waterfalls in all of New York State,https://travellemming.com/wp-content/uploads/The-Taughannock-waterfalls-during-fall-season.jpg,15 Best Waterfalls in New York State,15 Best Waterfalls in New York State
6,Popular waterfalls in all of New York State,https://i0.wp.com/travelbycarlavianna.com/wp-content/uploads/2020/06/DSC08969.jpg?fit=1536%2C1920&ssl=1,The 7 Best Finger Lakes Waterfalls & How To Get To Them,The 7 Best Finger Lakes Waterfalls & How To Get To Them
7,Popular waterfalls in all of New York State,https://i1.wp.com/travelbycarlavianna.com/wp-content/uploads/2020/06/DSC08969.jpg?fit=1100%2C1375&ssl=1,The 7 Best Finger Lakes Waterfalls & How To Get To Them,The 7 Best Finger Lakes Waterfalls & How To Get To Them
8,Popular waterfalls in all of New York State,"https://assets.simpleviewinc.com/simpleview/image/upload/c_fill,h_600,q_75,w_1440/v1/clients/livingstoncountyny/Letchworth_State_Park_Waterfalls_66d99438-a0bb-4921-aa1a-33d7c2342600.jpg",14 Waterfalls That Are The Most Beautiful In Upstate New York,14 Waterfalls That Are The Most Beautiful In Upstate New York
9,Popular waterfalls in all of New York State,https://lookaside.fbsbx.com/lookaside/crawler/media/?media_id=122220124394288988,New York's Best Waterfalls Road Trip will take you to 10 stunning ...,New York's Best Waterfalls Road Trip will take you to 10 stunning ...
10,Popular waterfalls in all of New York State,https://thenatureseeker.com/wp-content/uploads/2020/05/best-waterfalls-in-all-of-new-york-state.jpg,16 Best Waterfalls in New York (Secret Locations Revealed),16 Best Waterfalls in New York (Secret Locations Revealed)
11,Popular waterfalls in all of New York State,https://images.world-of-waterfalls.com/pin-Chittenango_Falls_034_06152007-top-10-new-york-waterfalls.jpg,Top 10 Best Waterfalls in New York & How To Visit Them - World of ...,Top 10 Best Waterfalls in New York & How To Visit Them - World of ...
12,Popular waterfalls in all of New York State,https://thenewyorktraveler.com/wp-content/uploads/2022/11/watkins-glen-state-park-1067x800.jpg,35 Gorgeous Waterfalls in New York State + Local Gems - The New ...,35 Gorgeous Waterfalls in New York State + Local Gems - The New ...
13,Popular waterfalls in all of New York State,https://images.world-of-waterfalls.com/Chittenango_Falls_034_06152007.jpg,Top 10 Best Waterfalls in New York & How To Visit Them - World of ...,Top 10 Best Waterfalls in New York & How To Visit Them - World of ...
14,Popular waterfalls in all of New York State,https://travellemming.com/wp-content/uploads/The-Taughannock-waterfalls-during-fall-season.jpg,15 Best Waterfalls in New York State,15 Best Waterfalls in New York State
15,Popular waterfalls in all of New York State,https://i0.wp.com/travelbycarlavianna.com/wp-content/uploads/2020/06/DSC08969.jpg?fit=1536%2C1920&ssl=1,The 7 Best Finger Lakes Waterfalls & How To Get To Them,The 7 Best Finger Lakes Waterfalls & How To Get To Them
16,Popular waterfalls in all of New York State,https://i1.wp.com/travelbycarlavianna.com/wp-content/uploads/2020/06/DSC08969.jpg?fit=1100%2C1375&ssl=1,The 7 Best Finger Lakes Waterfalls & How To Get To Them,The 7 Best Finger Lakes Waterfalls & How To Get To Them
17,Popular waterfalls in all of New York State,"https://assets.simpleviewinc.com/simpleview/image/upload/c_fill,h_600,q_75,w_1440/v1/clients/livingstoncountyny/Letchworth_State_Park_Waterfalls_66d99438-a0bb-4921-aa1a-33d7c2342600.jpg",14 Waterfalls That Are The Most Beautiful In Upstate New York,14 Waterfalls That Are The Most Beautiful In Upstate New York
18,Popular waterfalls in all of New York State,https://lookaside.fbsbx.com/lookaside/crawler/media/?media_id=122220124394288988,New York's Best Waterfalls Road Trip will take you to 10 stunning ...,New York's Best Waterfalls Road Trip will take you to 10 stunning ...
19,Popular waterfalls in all of New York State,https://uncoveringnewyork.com/wp-content/uploads/2019/10/Middle-Falls-Letchworth-State-Park-5425.jpg,50+ Incredible Finger Lakes Waterfalls You Must Visit - Uncovering ...,50+ Incredible Finger Lakes Waterfalls You Must Visit - Uncovering ...
20,Popular waterfalls in all of New York State,https://images.world-of-waterfalls.com/pin-Chittenango_Falls_034_06152007-top-10-new-york-waterfalls.jpg,Top 10 Best Waterfalls in New York & How To Visit Them - World of ...,Top 10 Best Waterfalls in New York & How To Visit Them - World of ...
21,Popular waterfalls in all of New York State,https://thenewyorktraveler.com/wp-content/uploads/2022/11/watkins-glen-state-park-1067x800.jpg,35 Gorgeous Waterfalls in New York State + Local Gems - The New ...,35 Gorgeous Waterfalls in New York State + Local Gems - The New ...
22,Popular waterfalls in all of New York State,https://images.world-of-waterfalls.com/Chittenango_Falls_034_06152007.jpg,Top 10 Best Waterfalls in New York & How To Visit Them - World of ...,Top 10 Best Waterfalls in New York & How To Visit Them - World of ...
23,Popular waterfalls in all of New York State,https://travellemming.com/wp-content/uploads/The-Taughannock-waterfalls-during-fall-season.jpg,15 Best Waterfalls in New York State,15 Best Waterfalls in New York State
24,Popular waterfalls in all of New York State,https://i0.wp.com/travelbycarlavianna.com/wp-content/uploads/2020/06/DSC08969.jpg?fit=1536%2C1920&ssl=1,The 7 Best Finger Lakes Waterfalls & How To Get To Them,The 7 Best Finger Lakes Waterfalls & How To Get To Them
25,Popular waterfalls in all of New York State,https://i1.wp.com/travelbycarlavianna.com/wp-content/uploads/2020/06/DSC08969.jpg?fit=1100%2C1375&ssl=1,The 7 Best Finger Lakes Waterfalls & How To Get To Them,The 7 Best Finger Lakes Waterfalls & How To Get To Them
26,Popular waterfalls in all of New York State,"https://assets.simpleviewinc.com/simpleview/image/upload/c_fill,h_600,q_75,w_1440/v1/clients/livingstoncountyny/Letchworth_State_Park_Waterfalls_66d99438-a0bb-4921-aa1a-33d7c2342600.jpg",14 Waterfalls That Are The Most Beautiful In Upstate New York,14 Waterfalls That Are The Most Beautiful In Upstate New York
27,Popular waterfalls in all of New York State,https://lookaside.fbsbx.com/lookaside/crawler/media/?media_id=122220124394288988,New York's Best Waterfalls Road Trip will take you to 10 stunning ...,New York's Best Waterfalls Road Trip will take you to 10 stunning ...
28,Popular waterfalls in all of New York State,https://uncoveringnewyork.com/wp-content/uploads/2019/10/Middle-Falls-Letchworth-State-Park-5425.jpg,50+ Incredible Finger Lakes Waterfalls You Must Visit - Uncovering ...,50+ Incredible Finger Lakes Waterfalls You Must Visit - Uncovering ...
29,Popular waterfalls in all of New York State,https://lookaside.fbsbx.com/lookaside/crawler/media/?media_id=122212882040288988,New York's Best Waterfalls Road Trip takes you on a breathtaking ...,New York's Best Waterfalls Road Trip takes you on a breathtaking ...
30,Popular hiking trails in all of New York State,https://handluggageonly.co.uk/wp-content/uploads/2018/02/Hand-Luggage-Only-2-6.jpg,"12 Best Hikes In New York State - Hand Luggage Only - Travel, Food ...","12 Best Hikes In New York State - Hand Luggage Only - Travel, Food ..."
31,Popular hiking trails in all of New York State,https://theadventuresatlas.com/wp-content/uploads/2022/04/1Y7A8155-min.jpg,20 Bucket List Hikes in Upstate New York for Every Skill Level ...,20 Bucket List Hikes in Upstate New York for Every Skill Level ...
32,Popular hiking trails in all of New York State,https://i0.wp.com/handluggageonly.co.uk/wp-content/uploads/2018/02/Hand-Luggage-Only-15-5.jpg?resize=1000%2C668&ssl=1,"12 Best Hikes In New York State - Hand Luggage Only - Travel, Food ...","12 Best Hikes In New York State - Hand Luggage Only - Travel, Food ..."
33,Popular hiking trails in all of New York State,https://theadventuresatlas.com/wp-content/uploads/2022/04/1Y7A1258-min.jpg,20 Bucket List Hikes in Upstate New York for Every Skill Level ...,20 Bucket List Hikes in Upstate New York for Every Skill Level ...
34,Popular hiking trails in all of New York State,https://beyondthebucketlist.co/wp-content/uploads/2020/11/DSC_1130-1024x683.jpg,9 Best Hikes in New York State • Beyond the Bucketlist,9 Best Hikes in New York State • Beyond the Bucketlist
35,Popular hiking trails in all of New York State,https://theadventuresatlas.com/wp-content/uploads/2022/04/1Y7A1253.jpg,The 13 Most Beautiful State Parks in NY - From a Local -,The 13 Most Beautiful State Parks in NY - From a Local -
36,Popular hiking trails in all of New York State,https://i0.wp.com/handluggageonly.co.uk/wp-content/uploads/2018/02/Hand-Luggage-Only-10-6.jpg?resize=1000%2C667&ssl=1,"12 Best Hikes In New York State - Hand Luggage Only - Travel, Food ...","12 Best Hikes In New York State - Hand Luggage Only - Travel, Food ..."
37,Popular hiking trails in all of New York State,https://theadventuresatlas.com/best-hikes-in-upstate-new-york/screen-shot-2022-04-23-at-1-28-00-pm-min/,20 Bucket List Hikes in Upstate New York for Every Skill Level ...,20 Bucket List Hikes in Upstate New York for Every Skill Level ...
38,Popular hiking trails in all of New York State,https://travelbycarlavianna.com/wp-content/uploads/2021/04/DSC08223.jpg,25 Must-Do Hikes in Upstate New York (For Every Level),25 Must-Do Hikes in Upstate New York (For Every Level)
39,Popular hiking trails in all of New York State,https://theadventuresatlas.com/wp-content/uploads/2022/04/Screen-Shot-2022-04-23-at-1.28.00-PM-min.jpg.webp,20 Bucket List Hikes in Upstate New York for Every Skill Level ...,20 Bucket List Hikes in Upstate New York for Every Skill Level ...
40,Popular hiking trails in all of New York State,https://theadventuresatlas.com/wp-content/uploads/2022/04/1Y7A8155-min.jpg,20 Bucket List Hikes in Upstate New York for Every Skill Level ...,20 Bucket List Hikes in Upstate New York for Every Skill Level ...
41,Popular hiking trails in all of New York State,https://i0.wp.com/handluggageonly.co.uk/wp-content/uploads/2018/02/Hand-Luggage-Only-15-5.jpg?resize=1000%2C668&ssl=1,"12 Best Hikes In New York State - Hand Luggage Only - Travel, Food ...","12 Best Hikes In New York State - Hand Luggage Only - Travel, Food ..."
42,Popular hiking trails in all of New York State,https://theadventuresatlas.com/wp-content/uploads/2022/04/1Y7A1258-min.jpg,20 Bucket List Hikes in Upstate New York for Every Skill Level ...,20 Bucket List Hikes in Upstate New York for Every Skill Level ...
43,Popular hiking trails in all of New York State,https://beyondthebucketlist.co/wp-content/uploads/2020/11/DSC_1130-1024x683.jpg,9 Best Hikes in New York State • Beyond the Bucketlist,9 Best Hikes in New York State • Beyond the Bucketlist
44,Popular hiking trails in all of New York State,https://theadventuresatlas.com/wp-content/uploads/2022/04/1Y7A1253.jpg,The 13 Most Beautiful State Parks in NY - From a Local -,The 13 Most Beautiful State Parks in NY - From a Local -
45,Popular hiking trails in all of New York State,https://i0.wp.com/handluggageonly.co.uk/wp-content/uploads/2018/02/Hand-Luggage-Only-10-6.jpg?resize=1000%2C667&ssl=1,"12 Best Hikes In New York State - Hand Luggage Only - Travel, Food ...","12 Best Hikes In New York State - Hand Luggage Only - Travel, Food ..."
46,Popular hiking trails in all of New York State,https://theadventuresatlas.com/best-hikes-in-upstate-new-york/screen-shot-2022-04-23-at-1-28-00-pm-min/,20 Bucket List Hikes in Upstate New York for Every Skill Level ...,20 Bucket List Hikes in Upstate New York for Every Skill Level ...
47,Popular hiking trails in all of New York State,https://travelbycarlavianna.com/wp-content/uploads/2021/04/DSC08223.jpg,25 Must-Do Hikes in Upstate New York (For Every Level),25 Must-Do Hikes in Upstate New York (For Every Level)
48,Popular hiking trails in all of New York State,https://theadventuresatlas.com/wp-content/uploads/2022/04/Screen-Shot-2022-04-23-at-1.28.00-PM-min.jpg.webp,20 Bucket List Hikes in Upstate New York for Every Skill Level ...,20 Bucket List Hikes in Upstate New York for Every Skill Level ...
49,Popular hiking trails in all of New York State,https://i0.wp.com/1.bp.blogspot.com/_85VBWUwtj7o/TNrvRRr30tI/AAAAAAAAATo/K2EaspjuaWI/s1600/New%2BYork%2BState%2BByways%2BMap.jpg,New Map Highlights State's Scenic Byways - Adirondack Almanack,New Map Highlights State's Scenic Byways - Adirondack Almanack
50,Popular hiking trails in all of New York State,https://i0.wp.com/handluggageonly.co.uk/wp-content/uploads/2018/02/Hand-Luggage-Only-15-5.jpg?resize=1000%2C668&ssl=1,"12 Best Hikes In New York State - Hand Luggage Only - Travel, Food ...","12 Best Hikes In New York State - Hand Luggage Only - Travel, Food ..."
51,Popular hiking trails in all of New York State,https://theadventuresatlas.com/wp-content/uploads/2022/04/1Y7A1258-min.jpg,20 Bucket List Hikes in Upstate New York for Every Skill Level ...,20 Bucket List Hikes in Upstate New York for Every Skill Level ...
52,Popular hiking trails in all of New York State,https://beyondthebucketlist.co/wp-content/uploads/2020/11/DSC_1130-1024x683.jpg,9 Best Hikes in New York State • Beyond the Bucketlist,9 Best Hikes in New York State • Beyond the Bucketlist
53,Popular hiking trails in all of New York State,https://theadventuresatlas.com/wp-content/uploads/2022/04/1Y7A1253.jpg,The 13 Most Beautiful State Parks in NY - From a Local -,The 13 Most Beautiful State Parks in NY - From a Local -
54,Popular hiking trails in all of New York State,https://i0.wp.com/handluggageonly.co.uk/wp-content/uploads/2018/02/Hand-Luggage-Only-10-6.jpg?resize=1000%2C667&ssl=1,"12 Best Hikes In New York State - Hand Luggage Only - Travel, Food ...","12 Best Hikes In New York State - Hand Luggage Only - Travel, Food ..."
55,Popular hiking trails in all of New York State,https://theadventuresatlas.com/best-hikes-in-upstate-new-york/screen-shot-2022-04-23-at-1-28-00-pm-min/,20 Bucket List Hikes in Upstate New York for Every Skill Level ...,20 Bucket List Hikes in Upstate New York for Every Skill Level ...
56,Popular hiking trails in all of New York State,https://travelbycarlavianna.com/wp-content/uploads/2021/04/DSC08223.jpg,25 Must-Do Hikes in Upstate New York (For Every Level),25 Must-Do Hikes in Upstate New York (For Every Level)
57,Popular hiking trails in all of New York State,https://theadventuresatlas.com/wp-content/uploads/2022/04/Screen-Shot-2022-04-23-at-1.28.00-PM-min.jpg.webp,20 Bucket List Hikes in Upstate New York for Every Skill Level ...,20 Bucket List Hikes in Upstate New York for Every Skill Level ...
58,Popular hiking trails in all of New York State,https://i0.wp.com/1.bp.blogspot.com/_85VBWUwtj7o/TNrvRRr30tI/AAAAAAAAATo/K2EaspjuaWI/s1600/New%2BYork%2BState%2BByways%2BMap.jpg,New Map Highlights State's Scenic Byways - Adirondack Almanack,New Map Highlights State's Scenic Byways - Adirondack Almanack
59,Popular hiking trails in all of New York State,https://fingerlakestrail.org/wp-content/uploads/2017/04/FLT_Marketing_Map_sm.jpg,About the Finger Lakes Trail - Finger Lakes Trail Conference,About the Finger Lakes Trail - Finger Lakes Trail Conference
